URL,Sessions
https://zooomsports.com/es/courtois-desnuda-a-mourinho-la-verdad-tras-su-salida-del-real-madrid/,547
https://zooomsports.com/en/,97
https://zooomsports.com/pt/,69
https://zooomsports.com/en/mlb/,39
https://zooomsports.com/es/,36
https://zooomsports.com/en/2026-nba-playoffs-top-prop-bet-picks-for-thunder-vs-lakers-game-3/,19
https://zooomsports.com/pt/brasileirao-serie-a/,19
https://zooomsports.com/pt/copa-sulamericana/,18
https://zooomsports.com/pt/o-que-a-sumula-revela-sobre-o-tumulto-do-corinthians-com-o-arbitro-na-copa-do-brasil/,18
https://zooomsports.com/pt/#google_vignette,17
https://zooomsports.com/pt/corinthians-marketing-travou-renovacao-de-memphis-diz-jornalista/,17
https://zooomsports.com/pt/copa-do-brasil/,16
